Nome,Email,Telefone,Empresa,Cidade,Estado,Pais,Idade,Genero
Kathy Velasquez,william03@hotmail.com,718-428-4865,Morris-Clark,Coxton,North Carolina,Austrália,67,Feminino
Thomas Scott,ashleyvilla@cline-zuniga.com,256-236-9872x72840,"Jacobson, Fritz and Owen",Hamiltonton,Texas,Nigéria,43,Outro
Michael Suarez,qgibbs@yahoo.com,001-507-500-1564x364,Fuller-Lopez,Port Vickistad,Virginia,México,28,Outro
Jasmine Montoya,matthewmiller@hotmail.com,216.184.8084,"Singleton, Brown and Lawrence",East Kellyburgh,South Carolina,Nova Zelândia,37,Outro
Kimberly Ochoa,nicole22@greene.net,113.962.1959x7008,"Myers, Wilson and Thomas",Port Kayla,New Hampshire,África do Sul,51,Masculino
Christina Ward,farmermichelle@delacruz.com,519-528-9342x277,"Rogers, Krueger and Little",Jacobville,Louisiana,Brasil,66,Masculino
Jason Ramos,shaun56@herrera.org,375.570.2206x34136,Swanson and Sons,Port Heather,Pennsylvania,África do Sul,60,Feminino
Brooke Mejia,davisjennifer@gmail.com,1856348163,Rivera-Graham,Chapmanstad,Texas,Nigéria,23,Feminino
Morgan Kennedy,roberthowe@gmail.com,(854)751-0760x16516,"Medina, Barnes and Greene",Johntown,Colorado,Nigéria,27,Feminino
Jacob Henderson,christinasmith@mercado.org,266-389-8532,Mullins-Zimmerman,South Brianfurt,Louisiana,Brasil,43,Masculino
Christine Mccoy,obrienmichael@jensen-thompson.com,254-100-5875,Mullins-Zimmerman,South Brianfurt,Louisiana,Brasil,18,Outro
Laura Ward,stephaniechavez@yahoo.com,000-403-2884,"Gomez, Diaz and Williams",Sarahton,North Dakota,Espanha,30,Masculino
Mary Hayes,qwilliams@cardenas.com,(259)017-6115x5886,Hale-Dean,Ashleyberg,Colorado,Nigéria,37,Masculino
Janet Perez,allison05@gmail.com,+1-711-479-0755x737,Young-Fuentes,South John,Rhode Island,México,33,Masculino
Susan Miller,heathergonzalez@gmail.com,736-085-9039,Jones-Woods,North Danielle,Alabama,Nigéria,23,Outro
Tina Wood,xmoore@moore.info,(347)183-7240x2910,Sims Ltd,South Melindabury,Alabama,Nigéria,27,Outro
Billy Frazier,rjohnson@brown-james.biz,361.232.4375x909,Silva PLC,Larsonfurt,Washington,Nigéria,72,Feminino
Connie Strong,cpowell@berry-bryant.com,001-772-924-4053x85705,Terrell Group,South Marieberg,Louisiana,Brasil,48,Masculino
Morgan Castro,robinhood@gmail.com,925.442.5003x43701,White-Johnson,Rodriguezland,Texas,Nigéria,24,Feminino
Victor Malone,chad64@wilson.net,452-767-8749x28771,Douglas Inc,Hallview,Virginia,México,61,Feminino
Linda Baker,sleonard@golden-salazar.biz,504-159-0774,"Myers, Wilson and Thomas",Port Kayla,New Hampshire,África do Sul,31,Feminino
Natasha Benson,kiddbrittany@hotmail.com,(784)972-4659,Carrillo Inc,Katherinechester,Vermont,Índia,42,Feminino
Cynthia Gutierrez,linda10@rodriguez.com,196-598-2881,Williamson-Powell,New James,South Dakota,Coreia do Sul,33,Masculino
Dennis Wilson,hilldiana@russell-morales.com,(277)446-8446,"Francis, Bell and Foster",Barrmouth,Delaware,Brasil,26,Feminino
Jennifer Davis,megan51@gmail.com,+1-648-973-7124,Kelley LLC,Higginsview,South Dakota,Coreia do Sul,26,Feminino
Veronica Tyler,swalker@jenkins-king.com,001-943-818-0050x2506,"Medina, Barnes and Greene",Johntown,Colorado,Nigéria,38,Feminino
William Lin,parkercarrie@yahoo.com,+1-021-181-0173,Jarvis-Rodgers,West Amanda,Ohio,Japão,64,Feminino
Michael Lawson,alexanderdonna@day.net,665.658.3388x05623,Dean Ltd,Dixonborough,Texas,Nigéria,43,Outro
Amy Clarke,ariasgregory@gmail.com,(482)780-1559,Lambert-Kelley,Mariashire,Florida,Japão,40,Feminino
Francisco Paul,robert60@yahoo.com,(103)898-6578x965,Carrillo Inc,Katherinechester,Vermont,Índia,65,Outro
Christian Dudley,allenkelly@gmail.com,001-797-796-6368x69170,Fuller-Lopez,Port Vickistad,Virginia,México,32,Outro
Jennifer Martinez,ihansen@hotmail.com,6905230910,Woods-Munoz,West Jenniferborough,Iowa,Austrália,67,Masculino
Eric Serrano,hritter@nguyen.com,933.647.7555,"Nguyen, Frazier and Young",Matthewview,Colorado,Nigéria,41,Feminino
Erika Scott,lesliemiddleton@gmail.com,(031)558-4543x27165,"Smith, Guzman and Brown",Evelynstad,Tennessee,Reino Unido,70,Masculino
Misty Brewer,josephbowen@gmail.com,676-649-1322x5268,Gould-Walker,South Brianfurt,Louisiana,Brasil,56,Feminino
Brandi Farmer,lopezjoseph@hotmail.com,774-564-8941,Lambert-Kelley,Mariashire,Florida,Japão,59,Masculino
Aaron Jones,nwright@yahoo.com,+1-492-916-3339,Lopez Ltd,East Christianberg,Indiana,Espanha,49,Masculino
Ronald Park,jonathon01@hester-harris.com,(123)349-5986x358,Cross LLC,West Shelbychester,Louisiana,Brasil,31,Feminino
Paula Archer,wolfdanielle@hotmail.com,(722)663-7804x9412,Jones-Woods,North Danielle,Alabama,Nigéria,23,Feminino
David Roman,andrea75@johnson.com,+1-521-050-7480x1821,"Francis, Bell and Foster",Barrmouth,Delaware,Brasil,59,Masculino
Ruben Brown,kathrynsalinas@allison-allen.com,001-548-453-4249x163,Morris-Clark,Coxton,North Carolina,Austrália,27,Feminino
Marc Mitchell,marcusdavis@gmail.com,+1-180-587-1897,Simpson-Martin,New Jeffreyborough,California,Coreia do Sul,42,Outro
James Foster,littlemargaret@reynolds.com,001-939-482-5061x369,Williams LLC,Hickschester,Louisiana,Brasil,20,Feminino
Jesse Miller,harringtonrobert@johnson.com,677.074.1646x73235,Byrd-Smith,Andrewberg,Kentucky,Nova Zelândia,29,Masculino
Brianna Scott,dburch@francis-wilson.net,138.752.3542x343,Ward LLC,South Brianfurt,Louisiana,Brasil,61,Outro
Benjamin Miller,peterstammy@lucero.org,+1-828-578-0397,Gomez-Gonzalez,Williamstad,Florida,Japão,47,Masculino
Richard Bush,crios@yahoo.com,+1-467-884-8237x06985,White-Johnson,Rodriguezland,Texas,Nigéria,61,Outro
Mark Sullivan,pgolden@yahoo.com,315-450-0669x880,Martin-Anderson,Toddstad,Idaho,China,59,Feminino
Jose Day,slong@adkins.com,728.586.7313,Martin PLC,New Gabrielberg,Michigan,China,28,Feminino
Jennifer Wilkerson,henryzachary@gmail.com,332.896.7602x1814,Swanson and Sons,Port Heather,Pennsylvania,África do Sul,54,Outro
Travis Lee,sotoernest@jensen.com,(068)028-5932x8291,"Francis, Bell and Foster",Barrmouth,Delaware,Brasil,61,Feminino
Steven Owen,robinsonjamie@gmail.com,916.879.1604,Martin PLC,New Gabrielberg,Michigan,China,49,Outro
Scott Dawson,tramos@yahoo.com,307.920.4823x573,Carrillo Inc,Katherinechester,Vermont,Índia,43,Feminino
Dillon Dawson,mcleanandrew@franklin.com,469.192.9021x58888,"Medina, Barnes and Greene",Johntown,Colorado,Nigéria,21,Feminino
Alyssa Mcmahon,jeremywilliams@hotmail.com,202.146.2837x48921,Morris-Clark,Coxton,North Carolina,Austrália,34,Outro
Sean Fischer,luis30@yahoo.com,001-214-444-3449,"Newton, Kirk and Collins",South Traceyborough,Pennsylvania,África do Sul,25,Outro
Rachel Moreno,belliott@gmail.com,+1-637-110-2953,Mann Inc,South Madisonborough,Michigan,China,50,Feminino
Stephen Jackson,shawn31@gmail.com,001-199-488-3980x577,"Johnson, Allison and Acevedo",West Nina,New York,Chile,48,Outro
Jeremy Johnson,plopez@hotmail.com,525.415.2321x524,Lutz-Welch,North Kimberly,Arizona,Egito,72,Outro
Ryan Washington MD,tthomas@hotmail.com,754-321-0584,Solomon-Miller,East Patrick,Louisiana,Brasil,25,Masculino
Jamie Ramirez,hernandezbryan@gmail.com,+1-593-917-8344x7016,Morris-Clark,Coxton,North Carolina,Austrália,52,Feminino
Kathryn Watson,qavila@combs.com,523-904-3825,Jarvis-Rodgers,West Amanda,Ohio,Japão,23,Masculino
Dominique Warren,james92@wilson-castillo.info,001-942-127-9141x48755,Terrell Group,South Marieberg,Louisiana,Brasil,39,Outro
Arthur Cooper,zbrown@petersen.com,370-801-8722x826,Payne Group,Daisyfurt,Florida,Japão,34,Masculino
Matthew Oneill,randallsantos@delgado.com,001-567-265-1107x38233,Montes Inc,New Jacqueline,Montana,Espanha,70,Outro
Rachel Davis,sancheztaylor@steele-juarez.org,+1-425-915-7016x8088,"Garcia, Williams and Sullivan",Port Melissaland,Tennessee,Reino Unido,73,Feminino
Samantha Carney,lisa20@yahoo.com,+1-470-724-2767x52976,Jones-Woods,North Danielle,Alabama,Nigéria,21,Feminino
Deborah Burnett,gardnerjohn@gmail.com,(212)271-0848x29693,Houston-Hernandez,Matthewview,Colorado,Nigéria,20,Masculino
William Mitchell,harringtondylan@hotmail.com,001-864-129-6441x6898,Kennedy Ltd,New Lisafurt,Kentucky,Nova Zelândia,47,Feminino
Angela Evans,wolson@hotmail.com,186-803-2857x346,Rivera-Graham,Chapmanstad,Texas,Nigéria,74,Outro
Courtney Mcdaniel,ericataylor@gmail.com,+1-012-598-3939x0629,"Rowland, Brock and Garcia",New Heatherfurt,Georgia,Argentina,41,Feminino
Jordan Rollins,rmejia@hotmail.com,507-058-1228,Morris-Clark,Coxton,North Carolina,Austrália,39,Outro
Summer Powell,collinsrichard@gmail.com,8829775731,Mcdaniel-Key,Katherinechester,Vermont,Índia,67,Masculino
Wesley Estrada,sruiz@yahoo.com,603.005.4196x47905,"Smith, Reed and Figueroa",West Nina,New York,Chile,35,Masculino
Elizabeth Berry,imurray@hotmail.com,003-589-2252x1534,Mcdaniel-Key,Katherinechester,Vermont,Índia,40,Feminino
Jeffery Haynes,tylerward@herrera-schneider.com,287-233-1260x8471,"Bennett, Acevedo and Rogers",Gonzalezbury,Wisconsin,França,46,Feminino
Laura Hall,wattstaylor@webb.net,+1-656-216-4363,Hale-Dean,Ashleyberg,Colorado,Nigéria,58,Masculino
Deborah Smith,aford@kelley-armstrong.info,584-147-5196x061,Dean Ltd,Dixonborough,Texas,Nigéria,25,Feminino
Samuel Delacruz,andreataylor@yahoo.com,(412)796-8304x5009,"Garcia, Williams and Sullivan",Port Melissaland,Tennessee,Reino Unido,20,Outro
Jennifer Powers,sray@yahoo.com,(753)875-3238x5229,Scott-Flowers,East Robert,Kentucky,Nova Zelândia,43,Masculino
Lisa Taylor,triciascott@irwin.com,074.984.8671,Woods-Munoz,West Jenniferborough,Iowa,Austrália,23,Outro
Meghan Snow,adamyang@yahoo.com,(341)798-7957,Martin-Anderson,Toddstad,Idaho,China,26,Outro
Edwin Peterson,ashleymedina@higgins-miller.com,7379146698,"Gomez, Diaz and Williams",Sarahton,North Dakota,Espanha,58,Feminino
Kevin Serrano,rosemolly@chase-dudley.info,887.297.7714x10899,Jones-Woods,North Danielle,Alabama,Nigéria,75,Feminino
Chad Todd,esparzagwendolyn@gmail.com,268.393.0234x126,White-Johnson,Rodriguezland,Texas,Nigéria,47,Outro
Antonio Nelson,darinsanchez@nelson.net,001-959-639-0445x65234,Cameron-Black,Port Michael,West Virginia,França,33,Outro
Jesus Johnson,daniel33@arias.com,436-164-9768,Wong-Weber,Marytown,Florida,Japão,54,Feminino
Kenneth Sanchez,holmeseric@gmail.com,(407)029-2936,Cross LLC,West Shelbychester,Louisiana,Brasil,22,Feminino
Brianna Mccullough,garrettjacobson@yahoo.com,+1-466-523-3257x85693,"Nguyen, Frazier and Young",Matthewview,Colorado,Nigéria,20,Masculino
Tony Woods,william39@holland.biz,(570)950-7672x20131,"Werner, Olsen and Adams",Michaelberg,California,Coreia do Sul,64,Outro
Tanya Murphy,justin33@hotmail.com,+1-468-002-9429x18763,Martin-Anderson,Toddstad,Idaho,China,42,Outro
Heather Williams,gfox@hotmail.com,(746)761-2569x25470,Riley PLC,South Franciscoburgh,Vermont,Índia,23,Feminino
Kimberly Smith,hernandezchristine@pineda-vargas.com,605-902-1811,"Newton, Kirk and Collins",South Traceyborough,Pennsylvania,África do Sul,65,Feminino
Eric Bruce,gibsonsusan@ramirez-murray.info,+1-617-721-7163x9803,Morris-Clark,Coxton,North Carolina,Austrália,43,Masculino
Lisa Smith,heather00@hudson.biz,125.546.4307,Young-Fuentes,South John,Rhode Island,México,65,Feminino
Jack Davis,deborahbrooks@green.com,(714)126-5760x334,Riley PLC,South Franciscoburgh,Vermont,Índia,59,Outro
Matthew Smith,patriciawang@gomez.org,(605)195-8423x78443,Stuart-Camacho,South David,Pennsylvania,África do Sul,71,Feminino
Cindy Harris,lclark@yahoo.com,967-536-0834x131,"Huynh, Black and Barajas",Jenkinsmouth,Wyoming,Nova Zelândia,68,Masculino
Mr. Larry Lowery,parkererin@velazquez.com,+1-535-296-0184x522,"Jacobson, Fritz and Owen",Hamiltonton,Texas,Nigéria,34,Feminino
Sarah Williams,katelynphillips@yahoo.com,1473396952,Gould-Walker,South Brianfurt,Louisiana,Brasil,50,Outro
Ronald Christensen,greg57@smith-white.com,(116)052-7705x486,Sims Ltd,South Melindabury,Alabama,Nigéria,62,Masculino
Eric Jones,charlesmorse@yahoo.com,816.328.4748x986,"Nguyen, Frazier and Young",Matthewview,Colorado,Nigéria,54,Feminino
Martin Williams,dvillegas@hotmail.com,051.126.6970,Jones-Boyd,Shanemouth,Texas,Nigéria,66,Feminino
Michelle Avery,blakehamilton@yahoo.com,+1-827-686-3109x4588,Sanders LLC,Port Robertburgh,New York,Chile,65,Outro
Donna White,tpotter@rodriguez.com,+1-411-701-2067,"Johnson, Allison and Acevedo",West Nina,New York,Chile,29,Feminino
Heather Nelson,george12@gmail.com,+1-264-183-5326x6079,"Smith, Guzman and Brown",Evelynstad,Tennessee,Reino Unido,60,Masculino
Terry Garcia,leahmack@pacheco-luna.net,001-226-768-1838x0244,"Werner, Olsen and Adams",Michaelberg,California,Coreia do Sul,43,Masculino
Nicholas Parker,adamskristine@hotmail.com,(580)994-1468,Jarvis-Rodgers,West Amanda,Ohio,Japão,36,Feminino
Kimberly Taylor,mollycampbell@walker.com,417.270.7940,Terrell Group,South Marieberg,Louisiana,Brasil,44,Masculino
Carrie Lopez,natalie66@hotmail.com,621.218.3598x5819,"Bennett, Acevedo and Rogers",Gonzalezbury,Wisconsin,França,68,Feminino
Stephen Sanders,mendezsean@gardner.biz,001-338-051-3009x3598,Webb-Potts,Kellyborough,Iowa,Austrália,26,Feminino
Beth Solis,melindastout@yahoo.com,001-489-753-0758x6855,"Wells, Robles and Johnson",North Jessica,Delaware,Brasil,47,Outro
Bryan Jimenez,quinnjames@gmail.com,924-563-9145,"Newton, Kirk and Collins",South Traceyborough,Pennsylvania,África do Sul,38,Masculino
Stephen Lopez,icarney@yahoo.com,(979)325-7624x5544,Kelley-Grant,Port Williamstad,Delaware,Brasil,32,Masculino
Robert White,lburns@walters.info,700.228.1015,Williamson-Powell,New James,South Dakota,Coreia do Sul,38,Masculino
Sarah Howard,ahill@pierce.com,201.204.0553x73981,"Morris, Serrano and Lewis",South Madisonborough,Michigan,China,57,Feminino
Molly Dominguez,michelle58@gmail.com,001-476-106-0610x7717,"Garcia, Williams and Sullivan",Port Melissaland,Tennessee,Reino Unido,63,Outro
Bryan Jackson,melissa86@hartman.com,0133113120,Mullins-Zimmerman,South Brianfurt,Louisiana,Brasil,55,Feminino
Heather Richards,nixonadrian@gonzalez-weeks.info,3042618194,"Newton, Kirk and Collins",South Traceyborough,Pennsylvania,África do Sul,56,Feminino
Marvin Lynn,uvincent@paul.biz,748-543-9002x76533,"Smith, Reed and Figueroa",West Nina,New York,Chile,42,Feminino
Walter Khan,williamscurtis@yahoo.com,001-855-916-8520x586,Silva PLC,Larsonfurt,Washington,Nigéria,18,Feminino
Laurie Williams,cwilliams@lopez-juarez.com,(696)495-4781x09341,"Lee, Jackson and Patel",Ramosfort,West Virginia,França,38,Feminino
Bradley Peck,tylerwatson@hotmail.com,(040)222-8487x165,Torres-Rivera,Hallview,Virginia,México,27,Feminino
James Gallegos,leebianca@hotmail.com,9039477513,Carr LLC,New Christineborough,Washington,Nigéria,49,Masculino
Jaime Stuart,jessicabradley@chavez.com,001-890-246-3332,Mcdonald-Boyle,Fernandeztown,Pennsylvania,África do Sul,62,Masculino
Michael Hubbard,ashley36@velasquez.com,(690)654-2101x995,Jarvis-Rodgers,West Amanda,Ohio,Japão,42,Feminino
Megan Taylor,jessicabrown@hotmail.com,(890)347-8649x29703,Smith-Davis,Sarabury,Wisconsin,França,20,Outro
Angela Kirby,willie71@hotmail.com,7993495592,"Jacobson, Fritz and Owen",Hamiltonton,Texas,Nigéria,23,Outro
Raymond Cline,kennethharris@mendez.info,175-455-3567x403,Kennedy Ltd,New Lisafurt,Kentucky,Nova Zelândia,53,Feminino
Lee Walker,hallomar@frank.net,+1-555-822-1670,Stuart-Camacho,South David,Pennsylvania,África do Sul,31,Outro
Jamie Brown,jasonchavez@yahoo.com,+1-199-782-5231x9369,Wong-Weber,Marytown,Florida,Japão,41,Feminino
Becky White,onelson@larson.com,001-749-931-8174x979,Mcdaniel-Key,Katherinechester,Vermont,Índia,66,Feminino
Sean Baker,jessicaberry@hansen-gonzales.biz,+1-161-208-1654x9365,Mann Inc,South Madisonborough,Michigan,China,61,Feminino
Jennifer Carr,maciasjason@silva.com,(919)928-2092,Fuller-Lopez,Port Vickistad,Virginia,México,27,Outro
Michael Harrington,rlopez@gmail.com,001-383-803-7875x552,Jordan-Odom,North Danielle,Alabama,Nigéria,28,Outro
Veronica Wheeler,xwheeler@valdez.com,0208980632,Ward and Sons,Kimberlystad,Rhode Island,México,54,Feminino
Alan Evans,hgarza@sullivan-mora.com,294-101-8282,Byrd-Smith,Andrewberg,Kentucky,Nova Zelândia,66,Masculino
Olivia Grant,patriciadavis@mccarty-kelley.com,872.280.8363,"Fitzpatrick, Jones and Morgan",Robertstad,Rhode Island,México,36,Outro
Stuart Boyle,regina45@hotmail.com,001-570-896-8516x03042,Carr LLC,New Christineborough,Washington,Nigéria,49,Masculino
Robert Dominguez,margaret81@torres-patel.org,(538)938-3420x5781,Shaffer Ltd,Sarahton,North Dakota,Espanha,52,Masculino
Erika Melton,thompsonelizabeth@calhoun.com,001-019-928-7704,Shaffer Ltd,Sarahton,North Dakota,Espanha,56,Masculino
Monique Williams,justinvillarreal@hatfield-smith.com,6594518396,Martin-Anderson,Toddstad,Idaho,China,43,Masculino
Charles Jackson,jacob60@oneill.com,(166)648-1959x1035,Jones-Boyd,Shanemouth,Texas,Nigéria,25,Outro
Robert Thomas,pagesherry@quinn-lutz.com,116.991.4524,Mcdaniel-Key,Katherinechester,Vermont,Índia,29,Masculino
Jennifer Palmer,matthew48@yahoo.com,304.330.2330x36888,"Medina, Barnes and Greene",Johntown,Colorado,Nigéria,67,Outro
Danielle Wiley,meghannewman@hotmail.com,(564)731-7667x9625,Smith-Davis,Sarabury,Wisconsin,França,53,Feminino
Morgan Tucker,ahernandez@mercado-atkins.biz,001-969-291-8819x9267,Ward and Sons,Kimberlystad,Rhode Island,México,66,Masculino
Christopher Everett,mullinsjason@gmail.com,680-547-5993,Byrd-Smith,Andrewberg,Kentucky,Nova Zelândia,75,Outro
Randy Caldwell,jeffreybrooks@robinson.com,001-396-840-7528x777,Sanders LLC,Port Robertburgh,New York,Chile,38,Feminino
Eric Robertson,robinsonsherri@gmail.com,001-049-414-0719x23217,Craig-Martinez,North Danielle,Alabama,Nigéria,24,Outro
Tammy Richardson,morristracy@moore-shannon.com,001-595-095-1889x550,"Rowland, Brock and Garcia",New Heatherfurt,Georgia,Argentina,58,Outro
Andrea Wallace,sara78@gmail.com,+1-091-046-0944x4289,Walker and Sons,East Rose,South Carolina,Nova Zelândia,50,Outro
Michael Miller,huffmandaniel@hotmail.com,(114)688-7223x665,Mcdonald-Boyle,Fernandeztown,Pennsylvania,África do Sul,43,Masculino
Terri Howard,ashleylang@brown-little.com,562.416.9957x09530,Smith-Davis,Sarabury,Wisconsin,França,49,Feminino
Amy Barrera,melissa01@edwards.com,722-188-2075,Houston-Hernandez,Matthewview,Colorado,Nigéria,70,Feminino
Jennifer Brown,christopher23@hotmail.com,(507)065-2671x928,Oneill-Scott,Perezmouth,Oregon,Argentina,73,Masculino
Samantha Gross,longchristine@moore-webb.com,820.734.4606x01259,Smith-Davis,Sarabury,Wisconsin,França,36,Masculino
William Mcgrath,william37@mcconnell.com,583-294-8970x22413,Mcdonald-Boyle,Fernandeztown,Pennsylvania,África do Sul,71,Feminino
Larry Patton,jacqueline53@gmail.com,001-446-556-4119x3979,Kelley LLC,Higginsview,South Dakota,Coreia do Sul,47,Outro
Heather Williams,daniel35@fleming-harvey.net,+1-316-175-3408x8039,Woods-Munoz,West Jenniferborough,Iowa,Austrália,61,Masculino
Kevin Mcguire,amy11@lopez.org,001-834-287-7792x184,"Francis, Bell and Foster",Barrmouth,Delaware,Brasil,55,Outro
Lisa Wilson DDS,cmartin@gmail.com,901.592.4404x09944,Byrd-Smith,Andrewberg,Kentucky,Nova Zelândia,44,Feminino
Jeremy Williams,grahamsteven@hotmail.com,454.052.5867x10308,"Smith, Mckinney and Hoover",Sheltonstad,Arkansas,Canadá,58,Masculino
Shawn Dominguez,kara24@strong.com,001-519-759-0378x735,Cameron-Black,Port Michael,West Virginia,França,32,Masculino
Fred Gonzales,kim02@yahoo.com,(707)537-5413,Gould-Walker,South Brianfurt,Louisiana,Brasil,57,Outro
Anthony Lopez,newmanvalerie@lewis-adams.net,883.622.6598x448,Stuart-Camacho,South David,Pennsylvania,África do Sul,56,Outro
Isabella Ramirez,audreyrichardson@gmail.com,+1-212-801-6494,"Garcia, Williams and Sullivan",Port Melissaland,Tennessee,Reino Unido,44,Masculino
John Flores,laurie41@cochran.com,085.333.7724x13239,Wright-Miller,Jeanetteland,Alabama,Nigéria,57,Masculino
Nicholas Miranda,melissa37@khan-powell.org,001-341-207-6565x13636,"Singleton, Brown and Lawrence",East Kellyburgh,South Carolina,Nova Zelândia,54,Outro
Lisa Lopez,paul04@johnson-knight.com,(782)209-2476,Stevenson PLC,North Josephhaven,Florida,Japão,61,Masculino
Justin Schwartz,ijones@rogers-bell.com,601.439.0545x57608,"Nguyen, Frazier and Young",Matthewview,Colorado,Nigéria,19,Outro
Amber Flores,nicholaswashington@gmail.com,+1-917-950-3588,Dean Ltd,Dixonborough,Texas,Nigéria,74,Outro
David Payne,travisgreene@hotmail.com,001-611-416-6122,"Francis, Bell and Foster",Barrmouth,Delaware,Brasil,53,Outro
Lance Ingram,alison56@alvarez-ramirez.com,013.032.3858,"Smith, Mckinney and Hoover",Sheltonstad,Arkansas,Canadá,72,Masculino
Christine Wilson,hmorales@gmail.com,195.217.1414,Mullins-Zimmerman,South Brianfurt,Louisiana,Brasil,41,Outro
Jeffery Lewis,johnsonpatrick@hotmail.com,479-088-1072x343,"Anderson, Roth and Holden",East Nicolemouth,Kansas,Egito,29,Feminino
James Wright,orrdavid@yahoo.com,(442)431-5286x8234,Gilbert Ltd,Jacobville,Louisiana,Brasil,30,Feminino
Dale Reynolds,epeters@archer.info,094.584.2072,Swanson and Sons,Port Heather,Pennsylvania,África do Sul,36,Masculino
Christopher Benton,shaneharrison@hotmail.com,+1-068-167-5337x848,Fuller-Lopez,Port Vickistad,Virginia,México,31,Outro
Candace Mitchell,kspence@gmail.com,206-574-5071,Walsh Group,Evelynstad,Tennessee,Reino Unido,47,Masculino
Stephanie Hernandez,iwells@horn-torres.com,227-277-8827x4691,"Rowland, Brock and Garcia",New Heatherfurt,Georgia,Argentina,56,Feminino
Patricia Brown,johndavis@ross.biz,728-481-6462x2720,"Anderson, Roth and Holden",East Nicolemouth,Kansas,Egito,68,Masculino
Michael Cordova DDS,norrisdavid@moore.com,575.237.2802x455,Walsh Group,Evelynstad,Tennessee,Reino Unido,50,Outro
James Briggs,austinamanda@dodson.com,001-713-294-1469x1613,"Huynh, Black and Barajas",Jenkinsmouth,Wyoming,Nova Zelândia,69,Outro
Charles Harding,colemanjackson@hotmail.com,667-325-6241,Lutz-Welch,North Kimberly,Arizona,Egito,73,Masculino
Edward Smith,jacksondeanna@glover.com,993-289-8103,Sims Ltd,South Melindabury,Alabama,Nigéria,47,Outro
Miranda Nicholson,ytorres@bailey-reyes.com,033.842.4700,"Morris, Serrano and Lewis",South Madisonborough,Michigan,China,18,Outro
Katherine Keller,esolis@buchanan.biz,001-912-914-9132,Ward-Bruce,New Tracy,Virginia,México,61,Outro
Ms. Crystal Tapia DDS,melissahansen@yahoo.com,832.687.4922x46294,Roberts Ltd,New Audrey,Arizona,Egito,73,Outro
Andrew Marquez,nguyenmichael@castaneda.com,201.129.0017,Stevenson PLC,North Josephhaven,Florida,Japão,73,Feminino
Andrea Black,teresasilva@hotmail.com,001-838-035-7913x77677,Lambert-Kelley,Mariashire,Florida,Japão,68,Feminino
Daniel Henderson,jessemoreno@hotmail.com,+1-068-223-6650x4793,West-Bryant,Port Pamelaton,New Jersey,Alemanha,74,Outro
Lisa Guerrero,matthewdavis@carney.biz,366-107-9594,Mcdonald-Boyle,Fernandeztown,Pennsylvania,África do Sul,25,Outro
Connor Brown,latasha06@luna.com,669-215-3684x4282,"Johnson, Allison and Acevedo",West Nina,New York,Chile,56,Outro
Robert Cole,farrelllouis@yahoo.com,829.824.9358,Mcdonald-Boyle,Fernandeztown,Pennsylvania,África do Sul,63,Masculino
John Kelly,jbarry@hotmail.com,001-429-896-6481,Torres-Rivera,Hallview,Virginia,México,48,Outro
Lindsay Guzman,brandon77@lee.com,592.932.8524x71452,"Cantrell, Martin and Preston",Orrborough,Michigan,China,36,Feminino
Christopher Saunders,cathywalls@hotmail.com,226-309-7656,Riley PLC,South Franciscoburgh,Vermont,Índia,67,Masculino
Brian Lee,dylan53@walker.com,726.093.0956x038,Solomon-Miller,East Patrick,Louisiana,Brasil,43,Outro
Rebecca Simpson,youngpaul@hotmail.com,001-734-454-2678x746,Montes Inc,New Jacqueline,Montana,Espanha,58,Outro
Eric Alvarado,whitebruce@hotmail.com,001-943-693-8047,Torres-Rivera,Hallview,Virginia,México,45,Masculino
Catherine Jacobs,austinbenjamin@wilson.com,126.788.8986,Gomez-Gonzalez,Williamstad,Florida,Japão,27,Feminino
Michael Montgomery MD,mitchellabigail@gomez.info,7628539240,Kelley LLC,Higginsview,South Dakota,Coreia do Sul,70,Outro
Joshua Montoya,elizabeth01@bowers.com,(079)514-3325,"Fitzpatrick, Jones and Morgan",Robertstad,Rhode Island,México,68,Masculino
Valerie Key,smithpaul@fisher.com,(954)720-4922,Riley PLC,South Franciscoburgh,Vermont,Índia,28,Feminino
Ryan Smith,ryanrodriguez@martinez.com,399.235.1031,Roberts Ltd,New Audrey,Arizona,Egito,60,Feminino
Dustin Cherry DDS,beckjason@reed-scott.info,873-344-1995x972,"Gomez, Diaz and Williams",Sarahton,North Dakota,Espanha,33,Feminino
Ms. Anita Cordova,idean@gmail.com,(139)837-6753x0275,Davies-Le,Karenberg,Hawaii,Espanha,34,Masculino
John Malone,oflores@walker-james.com,523.071.2639x27324,Lutz-Welch,North Kimberly,Arizona,Egito,59,Outro
Angel Smith,jamesdaniel@bridges-lopez.com,(939)500-7748x647,Lambert-Kelley,Mariashire,Florida,Japão,47,Outro
Tiffany Medina,paulatkins@yahoo.com,892.578.1978,Kennedy Ltd,New Lisafurt,Kentucky,Nova Zelândia,66,Masculino
Sean Trujillo,njohnson@simmons.com,7113112311,"Fitzpatrick, Jones and Morgan",Robertstad,Rhode Island,México,34,Feminino
Elizabeth Bennett,phillipsannette@reid-scott.biz,+1-168-764-2392x744,Mcdaniel-Key,Katherinechester,Vermont,Índia,62,Feminino
David Figueroa,lori89@yahoo.com,(931)900-4864,Lutz-Welch,North Kimberly,Arizona,Egito,68,Feminino
Justin Lopez,william35@gmail.com,763.282.0266,"Myers, Wilson and Thomas",Port Kayla,New Hampshire,África do Sul,34,Outro
Rachel Johnson,cookjessica@gmail.com,902.042.9191x596,Sanders LLC,Port Robertburgh,New York,Chile,56,Masculino
James Ortiz,belljames@gmail.com,001-410-287-3567x5310,Kelley LLC,Higginsview,South Dakota,Coreia do Sul,26,Masculino
David Klein,annawilliams@grimes.com,207.481.3303,Nguyen-Brewer,Daisyfurt,Florida,Japão,36,Masculino
Kathryn Cox,heathjason@ponce.net,(429)564-4031,Kelley-Grant,Port Williamstad,Delaware,Brasil,74,Feminino
Sheila Wise,xperry@delgado.com,(039)684-0680,"Rogers, Krueger and Little",Jacobville,Louisiana,Brasil,41,Outro
Karen Guzman,oboyle@gregory-brooks.com,340.292.6202x35061,Mcdaniel-Key,Katherinechester,Vermont,Índia,37,Outro
Richard May,patrickjackson@manning-hobbs.com,822-271-7303,Oneill-Scott,Perezmouth,Oregon,Argentina,54,Outro
Carol Boyd,eric77@yahoo.com,8777928727,Simpson-Martin,New Jeffreyborough,California,Coreia do Sul,48,Outro
Anna Martin,knappronald@chang-butler.com,+1-141-562-0699x55419,Torres-Rivera,Hallview,Virginia,México,61,Feminino
Jamie Watkins,mckeekristie@campbell.com,001-534-479-8861x028,Miller-Owens,South Kimberlyfurt,Minnesota,China,65,Outro
Ashley Green,brandi61@parker.com,001-607-054-3684x689,Swanson and Sons,Port Heather,Pennsylvania,África do Sul,27,Outro
Emily Young,john95@hotmail.com,+1-990-527-9686x959,Mcdaniel-Key,Katherinechester,Vermont,Índia,72,Feminino
Christopher Davenport,xshea@ball.com,446.526.8036x4784,Hernandez-Fox,East Amy,Pennsylvania,África do Sul,58,Masculino
Michael Gibson III,tim64@edwards.info,001-650-292-8978x95821,Fuller-Lopez,Port Vickistad,Virginia,México,72,Masculino
Sandra Hopkins,stacy61@hotmail.com,(674)262-0976x54368,Jordan-Odom,North Danielle,Alabama,Nigéria,37,Masculino
Michelle Bentley,donaldharvey@reed.com,210.034.5654x48144,Jordan-Odom,North Danielle,Alabama,Nigéria,18,Feminino
James Smith,kwilson@yahoo.com,9067230820,Solomon-Miller,East Patrick,Louisiana,Brasil,64,Outro
Lori Jennings,johnstewart@yahoo.com,+1-786-078-7704,Carr LLC,New Christineborough,Washington,Nigéria,73,Outro
Elizabeth Brewer,hollycooper@hotmail.com,+1-679-212-4486x983,Smith-Davis,Sarabury,Wisconsin,França,48,Outro
Monica Coleman,cmcmillan@gmail.com,922-964-6317x517,"Singleton, Brown and Lawrence",East Kellyburgh,South Carolina,Nova Zelândia,40,Outro
Jeanette Hill,benjaminochoa@le.biz,001-405-474-4136x2714,Miller-Owens,South Kimberlyfurt,Minnesota,China,55,Outro
Karen Lopez,gabriela30@gmail.com,+1-740-426-6972x9205,Walker and Sons,East Rose,South Carolina,Nova Zelândia,51,Feminino
Mrs. Felicia Gardner,zachary83@gmail.com,690-541-2602x90530,Shaffer Ltd,Sarahton,North Dakota,Espanha,73,Feminino
Justin Morgan,pholder@gmail.com,+1-123-381-8144x2892,Thompson PLC,Susanberg,Missouri,Brasil,28,Outro
Melissa Mcdonald,eric40@jenkins.com,+1-480-814-0000x1410,Williams LLC,Hickschester,Louisiana,Brasil,29,Feminino
Laura Bryant,amandadaniel@gmail.com,001-693-478-1782x658,Shaffer Ltd,Sarahton,North Dakota,Espanha,18,Outro
Steven Rios,stephenrosales@garcia-holt.com,0372873917,"Morris, Serrano and Lewis",South Madisonborough,Michigan,China,39,Masculino
James Ferrell,ronald31@hotmail.com,496.880.7708x3661,Simpson-Martin,New Jeffreyborough,California,Coreia do Sul,31,Masculino
John Reeves,thomas09@martinez.com,663-958-8217x169,Miller-Owens,South Kimberlyfurt,Minnesota,China,35,Outro
Philip Sullivan,clowery@yahoo.com,001-746-140-5524x08656,"Johnson, Allison and Acevedo",West Nina,New York,Chile,64,Masculino
Willie Hunt II,jennifer21@phillips.info,+1-204-333-0044,Hill-Young,Gregoryview,Indiana,Espanha,30,Feminino
Angela Schaefer,terrymeredith@hotmail.com,(463)475-1808x457,Edwards Inc,East George,Tennessee,Reino Unido,47,Outro
Jorge Mccoy,batesandrew@welch.com,(124)803-1427,"Newton, Kirk and Collins",South Traceyborough,Pennsylvania,África do Sul,18,Outro
Adam Jones,john50@gmail.com,058.024.4731,Wong-Weber,Marytown,Florida,Japão,75,Masculino
Beverly Flores,mariamiller@hotmail.com,(014)621-1008x2687,Scott-Flowers,East Robert,Kentucky,Nova Zelândia,30,Feminino
Melissa Hall,lauren12@yahoo.com,599.658.0245x1336,Carrillo Inc,Katherinechester,Vermont,Índia,20,Feminino
Emma Hodge,peterrubio@gmail.com,149.427.4349x564,Craig-Martinez,North Danielle,Alabama,Nigéria,24,Feminino
Jacqueline Pacheco,ashley10@cox.info,(259)423-5455x062,"Smith, Guzman and Brown",Evelynstad,Tennessee,Reino Unido,22,Feminino
Jennifer Stevens,russelljohn@garza-murphy.com,+1-516-531-3126x14159,Douglas Inc,Hallview,Virginia,México,52,Outro
Dr. Patricia Dunn,valentinelaura@hotmail.com,180.027.0253,Mcdonald-Boyle,Fernandeztown,Pennsylvania,África do Sul,73,Masculino
Aaron Powers,xcruz@blake.com,406.613.9791x206,"Cantrell, Martin and Preston",Orrborough,Michigan,China,46,Outro
Alexis Hoffman,parrishchristopher@gmail.com,979-042-3026x429,Nguyen-Brewer,Daisyfurt,Florida,Japão,33,Masculino
Melanie Huynh,ccardenas@yahoo.com,578-525-4195,Hernandez-Fox,East Amy,Pennsylvania,África do Sul,69,Outro
Natalie Higgins,rodriguezerin@andrews-gomez.com,5780383719,Young-Fuentes,South John,Rhode Island,México,62,Outro
William White,perezryan@hotmail.com,(590)070-0836x84436,Sims Ltd,South Melindabury,Alabama,Nigéria,32,Outro
Alexander Buckley,stephen45@murphy.info,001-372-035-7638x2092,Gilbert Ltd,Jacobville,Louisiana,Brasil,47,Masculino
Amber Shepherd,danielpope@adams.com,001-400-352-9226x987,Cross LLC,West Shelbychester,Louisiana,Brasil,56,Feminino
Tony Garcia,ayersmarvin@yahoo.com,342.761.0159x79365,Douglas Inc,Hallview,Virginia,México,35,Masculino
Gail Murray,shellynguyen@huff.com,254-459-8725x378,Carr LLC,New Christineborough,Washington,Nigéria,30,Outro
Brian Jones,marclawson@yahoo.com,(013)070-1249x91767,"Morris, Serrano and Lewis",South Madisonborough,Michigan,China,75,Masculino
Theodore Carter,edward43@yahoo.com,064-005-9029x8827,Nguyen-Brewer,Daisyfurt,Florida,Japão,37,Masculino
Carlos Ramirez,snyderbrandon@walter.org,562-461-7524,Davies-Le,Karenberg,Hawaii,Espanha,32,Masculino
Vanessa Peterson,kathrynrodgers@pitts.com,001-921-808-2626x3459,Jordan-Odom,North Danielle,Alabama,Nigéria,66,Outro
Michael Wilson,zachary48@yahoo.com,(917)039-5282,Williams LLC,Hickschester,Louisiana,Brasil,47,Masculino
Stephanie Lopez,ebonymoore@chambers-young.com,202.048.4464,Mcdonald-Boyle,Fernandeztown,Pennsylvania,África do Sul,74,Masculino
Rachel Jones,laurenedwards@gmail.com,+1-931-487-0586x2321,Walker and Sons,East Rose,South Carolina,Nova Zelândia,68,Outro
Daniel Barnes,christopherstout@higgins-mccarty.com,6231339050,Lambert-Kelley,Mariashire,Florida,Japão,30,Feminino
Joseph Gonzalez,arnoldnicholas@vaughan.com,640-382-0604x5770,"Huynh, Black and Barajas",Jenkinsmouth,Wyoming,Nova Zelândia,46,Masculino
Natasha Hernandez,kellyparrish@howell.com,147.489.8616x01682,Stevenson PLC,North Josephhaven,Florida,Japão,30,Masculino
Mrs. Heather Perry,joshua80@luna-kelley.biz,(327)290-8754x11248,"Smith, Reed and Figueroa",West Nina,New York,Chile,55,Masculino
Cody Wheeler,underwoodchristopher@allen-novak.com,4769239125,Dean Ltd,Dixonborough,Texas,Nigéria,49,Feminino
Spencer Franklin,dsmith@yahoo.com,001-384-350-4566,"Rogers, Krueger and Little",Jacobville,Louisiana,Brasil,18,Outro
Jamie Price,ccox@yahoo.com,284.495.1542,Jones-Woods,North Danielle,Alabama,Nigéria,73,Masculino
Nicole Lewis,jefferybrooks@boone-farley.com,780.967.6255x57994,Riley PLC,South Franciscoburgh,Vermont,Índia,74,Feminino
Christy Lopez,nicoleroberts@gmail.com,000-252-4108,"Johnson, Allison and Acevedo",West Nina,New York,Chile,59,Masculino
Alexander Wheeler,bortiz@yahoo.com,4105524098,Payne Group,Daisyfurt,Florida,Japão,69,Outro
Leah Burke,christopherlyons@hull-lewis.com,001-935-467-0348,Gould-Walker,South Brianfurt,Louisiana,Brasil,66,Feminino
Thomas Hendricks,krystalgoodman@martinez.net,866-965-4683,Terrell Group,South Marieberg,Louisiana,Brasil,34,Feminino
Sharon Coleman,mgonzalez@hotmail.com,001-724-394-6826x56271,Dean Ltd,Dixonborough,Texas,Nigéria,35,Feminino
William Ramirez,autumn63@peters.biz,221.619.5348x2633,Craig-Martinez,North Danielle,Alabama,Nigéria,29,Feminino
Michael Green,dcook@yahoo.com,7368322771,"Smith, Guzman and Brown",Evelynstad,Tennessee,Reino Unido,48,Outro
Ralph Combs,garysharp@phillips-thomas.com,+1-029-483-2103x579,Houston-Hernandez,Matthewview,Colorado,Nigéria,59,Feminino
Russell Doyle,gary89@hotmail.com,229.751.6744x24793,West-Bryant,Port Pamelaton,New Jersey,Alemanha,73,Outro
Amy Riley,murraygregory@hall.info,(851)886-9858,Sims Ltd,South Melindabury,Alabama,Nigéria,39,Feminino
Tim Cooper,daniel30@hancock.net,725-274-3278x9042,Jarvis-Rodgers,West Amanda,Ohio,Japão,53,Outro
Madison Monroe,john85@gmail.com,895.673.8794x7092,Simpson-Martin,New Jeffreyborough,California,Coreia do Sul,58,Feminino
Edward Hardy,brenda45@hotmail.com,001-373-892-2960x894,"Huynh, Black and Barajas",Jenkinsmouth,Wyoming,Nova Zelândia,66,Masculino
William Jones,zcunningham@green.com,952.965.9083x5906,Kennedy Ltd,New Lisafurt,Kentucky,Nova Zelândia,18,Feminino
James Roth,johnny22@yahoo.com,001-385-775-4310x21781,Montes Inc,New Jacqueline,Montana,Espanha,48,Feminino
Jeanette Miller,miguelmartinez@hotmail.com,(007)613-7495,Oneill-Scott,Perezmouth,Oregon,Argentina,29,Masculino
Justin Young,ebrady@obrien-davis.com,+1-551-434-7636x907,Kelley LLC,Higginsview,South Dakota,Coreia do Sul,45,Outro
Stephen Foster,weaverrichard@strickland.com,324.025.0553x9255,Hale-Dean,Ashleyberg,Colorado,Nigéria,24,Feminino
Derrick Skinner DVM,scampbell@velasquez.com,423-590-2702x208,"Lee, Jackson and Patel",Ramosfort,West Virginia,França,58,Outro
Tyler Bray,collierjared@gmail.com,785-075-1251,Mcdonald-Boyle,Fernandeztown,Pennsylvania,África do Sul,70,Masculino
Erin Rush,austin12@graves.com,001-713-943-6954,"Smith, Mckinney and Hoover",Sheltonstad,Arkansas,Canadá,67,Masculino
Mark Walker,petersonmegan@gmail.com,+1-572-639-2158x6762,Kelley LLC,Higginsview,South Dakota,Coreia do Sul,32,Masculino
Pamela Hall,adam27@hotmail.com,(433)608-9108x893,Simpson-Martin,New Jeffreyborough,California,Coreia do Sul,50,Feminino
Michael Wong,ltaylor@yahoo.com,853-586-0460x97969,Walker and Sons,East Rose,South Carolina,Nova Zelândia,67,Outro
Samantha Murphy,garrisontroy@hurst.biz,(843)390-7217,Stevenson PLC,North Josephhaven,Florida,Japão,24,Outro
Crystal Ortiz,laurie11@yahoo.com,(358)324-3167x6112,Hale-Dean,Ashleyberg,Colorado,Nigéria,57,Masculino
Abigail Santos,taradennis@gmail.com,611-284-4773,"Jacobson, Fritz and Owen",Hamiltonton,Texas,Nigéria,61,Masculino
Jose Thomas,holderdavid@hardy.org,413.491.8237x8203,Wright-Miller,Jeanetteland,Alabama,Nigéria,28,Masculino
Kristina Brady,keithpaul@yahoo.com,252.189.5685,"Medina, Barnes and Greene",Johntown,Colorado,Nigéria,43,Masculino
Ryan Hatfield,reynoldsjames@yahoo.com,1038293383,Oneill-Scott,Perezmouth,Oregon,Argentina,57,Outro
Dr. Douglas Smith,george60@ponce.com,+1-417-122-8719x0998,Oneill-Scott,Perezmouth,Oregon,Argentina,38,Outro
Seth Taylor,melissa22@rojas-allen.com,662.801.3457x2636,Stevenson PLC,North Josephhaven,Florida,Japão,59,Outro
Jordan Jenkins,robertdecker@gutierrez.com,(823)150-9345x818,Byrd-Smith,Andrewberg,Kentucky,Nova Zelândia,67,Outro
Robert Rios,bennettsherry@hotmail.com,(502)761-8641x184,"Wells, Robles and Johnson",North Jessica,Delaware,Brasil,32,Feminino
Michael Hill,ostout@hotmail.com,+1-608-391-4471x233,Stevenson PLC,North Josephhaven,Florida,Japão,72,Feminino
Amanda Jackson,deanpeter@gmail.com,827.878.6836x763,"Nguyen, Frazier and Young",Matthewview,Colorado,Nigéria,27,Feminino
Craig Pierce,ubradley@yahoo.com,082-196-9622x032,Lutz-Welch,North Kimberly,Arizona,Egito,64,Feminino
Susan Bryant,sherrygordon@yahoo.com,001-585-388-9373x12987,Carr LLC,New Christineborough,Washington,Nigéria,38,Feminino
Daniel Chandler,smithchristopher@armstrong.info,001-714-891-1503,Simpson-Martin,New Jeffreyborough,California,Coreia do Sul,45,Outro
Stacy Jacobson,mckeemargaret@yahoo.com,(176)368-9078,Ward LLC,South Brianfurt,Louisiana,Brasil,66,Feminino
Brenda Jones,barnettjudy@reynolds-charles.com,001-177-919-6018x062,Terrell Group,South Marieberg,Louisiana,Brasil,66,Feminino
Jessica Parker,sanderskayla@rodriguez.com,(090)932-1073x399,"Cantrell, Martin and Preston",Orrborough,Michigan,China,44,Feminino
James Parker,sarah22@hotmail.com,645.549.1331x889,Thompson PLC,Susanberg,Missouri,Brasil,69,Masculino
Michael Roberts Jr.,bethreed@gmail.com,001-409-028-4695,Mullins-Zimmerman,South Brianfurt,Louisiana,Brasil,67,Feminino
Andrew Walters,hdavis@dennis.com,+1-439-535-3221x44391,"Bennett, Acevedo and Rogers",Gonzalezbury,Wisconsin,França,70,Outro
Philip Reed,yperkins@yahoo.com,+1-737-037-6913x9929,Robinson-Valentine,Marystad,Wyoming,Nova Zelândia,31,Outro
Mia Frazier,barry63@taylor.com,304.555.0803x0240,Gilbert Ltd,Jacobville,Louisiana,Brasil,34,Feminino
Samantha Burns,zshah@gardner.com,(808)363-9019,"Nguyen, Frazier and Young",Matthewview,Colorado,Nigéria,19,Feminino
William Wright,jcombs@diaz.org,545.688.4418x299,Morris-Clark,Coxton,North Carolina,Austrália,68,Feminino
Amy Stewart,jordanjohn@gray-arnold.com,873.916.6541x419,Wright-Miller,Jeanetteland,Alabama,Nigéria,53,Outro
Wanda Nolan,lmurphy@yahoo.com,001-335-126-3775x4303,Scott-Flowers,East Robert,Kentucky,Nova Zelândia,30,Masculino
Shelby Daniels,cynthia08@gmail.com,281.195.1701x554,Cameron-Black,Port Michael,West Virginia,França,50,Feminino
Keith Obrien,patelcrystal@johnson.org,+1-702-162-9337x872,Sanders LLC,Port Robertburgh,New York,Chile,24,Masculino
Michael Jones,michaelwillis@barnes.com,496.255.3721x132,Sims Ltd,South Melindabury,Alabama,Nigéria,28,Feminino
Heather Oconnell,jefferyrivera@gmail.com,174-689-0662x80173,Riley PLC,South Franciscoburgh,Vermont,Índia,48,Outro
Jesse May,josephbrown@church.com,+1-797-443-1115x62983,Payne Group,Daisyfurt,Florida,Japão,48,Masculino
Parker Cook,powelljessica@hotmail.com,9790874948,"Johnson, Allison and Acevedo",West Nina,New York,Chile,60,Feminino
Janet Sutton,rose61@wright-house.com,878-863-5368,"Leon, Wong and Lopez",Nunezview,Ohio,Japão,63,Feminino
Mary Durham,dominguezandrew@foley.biz,+1-043-478-8244x316,Sims Ltd,South Melindabury,Alabama,Nigéria,35,Outro
Debra Hall,angelday@glenn.com,021-482-5220,Payne Group,Daisyfurt,Florida,Japão,42,Masculino
Diana Johnson,travis31@hotmail.com,059.384.9648,Martin-Anderson,Toddstad,Idaho,China,21,Outro
Jennifer Jones,freemanjennifer@hotmail.com,8327862427,"Lee, Jackson and Patel",Ramosfort,West Virginia,França,35,Outro
Kimberly Smith,rhondareilly@yahoo.com,(650)658-6590x5812,"Nguyen, Frazier and Young",Matthewview,Colorado,Nigéria,46,Feminino
Brian Holder,janetcook@gmail.com,420.180.7937,"Huynh, Black and Barajas",Jenkinsmouth,Wyoming,Nova Zelândia,48,Masculino
Monique Rogers,qgreene@hotmail.com,+1-336-722-4199x2804,Carr LLC,New Christineborough,Washington,Nigéria,22,Feminino
Jennifer Walter,meganrollins@hotmail.com,788-627-2768x99637,"Johnson, Allison and Acevedo",West Nina,New York,Chile,64,Feminino
Christian Sanchez,jthomas@woodard.com,001-128-308-9639,Miller-Owens,South Kimberlyfurt,Minnesota,China,73,Masculino
Jennifer Schneider,rogersandrea@hotmail.com,637.378.6906,Payne Group,Daisyfurt,Florida,Japão,37,Outro
Trevor Dickerson,mmcclain@hotmail.com,9338921114,Robinson-Valentine,Marystad,Wyoming,Nova Zelândia,53,Masculino
Terri Davis,joshua37@hopkins.com,+1-897-371-1107x540,Torres-Rivera,Hallview,Virginia,México,33,Feminino
Amanda Brown,alison16@yahoo.com,+1-432-470-7512x4519,"Jacobson, Fritz and Owen",Hamiltonton,Texas,Nigéria,52,Outro
Todd White,wendysummers@jacobs.com,676.621.8676x247,West-Bryant,Port Pamelaton,New Jersey,Alemanha,53,Outro
Jenna Gutierrez,robinsonvanessa@yahoo.com,147-283-5059x8303,Mcdaniel-Key,Katherinechester,Vermont,Índia,62,Masculino
Tracy Arellano,margaret63@hall.info,+1-595-274-8693x62210,Lopez Ltd,East Christianberg,Indiana,Espanha,67,Masculino
Charles Craig,rodriguezdiana@wright.com,(654)533-3557x04157,"Myers, Wilson and Thomas",Port Kayla,New Hampshire,África do Sul,63,Outro
John Howell,mthompson@montes.com,+1-026-366-3337x0369,Walker and Sons,East Rose,South Carolina,Nova Zelândia,72,Feminino
Kevin Leblanc,osborneariel@dorsey-garcia.com,+1-832-973-2489x190,"Medina, Barnes and Greene",Johntown,Colorado,Nigéria,46,Outro
Daniel Graham,andersonveronica@hotmail.com,079-485-4818,Jones-Boyd,Shanemouth,Texas,Nigéria,29,Feminino
James Guerrero,mhoward@dixon-matthews.org,001-228-016-2251,Walsh Group,Evelynstad,Tennessee,Reino Unido,32,Feminino
Shelly Kelley,gonzalezmariah@yahoo.com,+1-815-479-2851x955,Solomon-Miller,East Patrick,Louisiana,Brasil,39,Masculino
Thomas Freeman,pwebb@hotmail.com,+1-784-292-6602x5735,Jarvis-Rodgers,West Amanda,Ohio,Japão,63,Feminino
Rachel Gillespie,larry35@hotmail.com,(747)764-5481,Hernandez-Fox,East Amy,Pennsylvania,África do Sul,56,Outro
Bryan Jenkins,leekevin@hotmail.com,590-149-0596x77215,"Bennett, Acevedo and Rogers",Gonzalezbury,Wisconsin,França,26,Masculino
Kevin Gardner,webbmichael@sanders.biz,001-770-229-6647x57775,Thompson PLC,Susanberg,Missouri,Brasil,44,Feminino
Victoria Stevens,joe99@rodriguez.com,048-578-5302x52978,Ward LLC,South Brianfurt,Louisiana,Brasil,69,Feminino
James Brown,colin92@coleman-orozco.com,+1-223-958-8545x28259,Rivera-Graham,Chapmanstad,Texas,Nigéria,71,Outro
Heather Castro,freemantammy@yahoo.com,4560424722,"Cantrell, Martin and Preston",Orrborough,Michigan,China,50,Feminino
Thomas Howard,caitlynmorgan@white.info,546-544-2882,"Bennett, Acevedo and Rogers",Gonzalezbury,Wisconsin,França,54,Feminino
Shannon Luna,kingmichael@yahoo.com,330.752.6356x16224,Ward-Bruce,New Tracy,Virginia,México,50,Feminino
Maria Gilmore,ifuller@hotmail.com,(684)252-1265,Mcdonald-Boyle,Fernandeztown,Pennsylvania,África do Sul,49,Feminino
Daniel Hicks,lynchchristina@yahoo.com,4425195815,"Jacobson, Fritz and Owen",Hamiltonton,Texas,Nigéria,39,Outro
Katherine Bell,laurenglass@greene.com,393.494.9197,"Morris, Serrano and Lewis",South Madisonborough,Michigan,China,65,Masculino
Karen Schmitt,lgalvan@hotmail.com,(468)619-4267x8292,"Rogers, Krueger and Little",Jacobville,Louisiana,Brasil,23,Outro
George Daniels,kathryn56@yahoo.com,358.561.3160,"Johnson, Allison and Acevedo",West Nina,New York,Chile,25,Outro
Vanessa Scott,erikmcconnell@hotmail.com,(192)636-2596x73151,Oneill-Scott,Perezmouth,Oregon,Argentina,69,Outro
Lisa Hensley,joshua15@love.com,6844966730,Bailey Ltd,Johnsonberg,Louisiana,Brasil,54,Feminino
Troy Alvarez,jgreen@hotmail.com,335.034.8341,Gould-Walker,South Brianfurt,Louisiana,Brasil,59,Masculino
Spencer Peters,noah20@gmail.com,682-404-7495,"Fitzpatrick, Jones and Morgan",Robertstad,Rhode Island,México,22,Outro
Brian Higgins,yferguson@gmail.com,001-924-763-6045x877,Jones-Woods,North Danielle,Alabama,Nigéria,70,Feminino
Brian Kirk,eortega@hotmail.com,(731)894-6080,Walsh Group,Evelynstad,Tennessee,Reino Unido,46,Outro
Mark Parker,omatthews@hoffman-powell.biz,(660)938-2972x555,Miller-Owens,South Kimberlyfurt,Minnesota,China,59,Feminino
Kendra Ruiz,claytoneric@gmail.com,349.745.7895x24286,Lambert-Kelley,Mariashire,Florida,Japão,29,Outro
Emily Miller,austinscott@kelley-turner.com,(016)142-4322,"Jacobson, Fritz and Owen",Hamiltonton,Texas,Nigéria,39,Feminino
Justin Jimenez,alexandra12@yahoo.com,6067351667,Wong-Weber,Marytown,Florida,Japão,67,Outro
Denise Simpson,cassandrahanna@gmail.com,(043)298-9367,Scott-Flowers,East Robert,Kentucky,Nova Zelândia,70,Feminino
Mark Hall,josesmith@taylor.net,001-165-279-6458x0225,"Bennett, Acevedo and Rogers",Gonzalezbury,Wisconsin,França,43,Outro
Autumn Harris,gillespieshawna@black-clark.com,621.488.7226,Mcdaniel-Key,Katherinechester,Vermont,Índia,18,Outro
Julian Lopez PhD,brian43@yahoo.com,001-972-869-9072x40290,"Francis, Bell and Foster",Barrmouth,Delaware,Brasil,19,Masculino
Samuel Barajas,courtney44@hotmail.com,138-424-1190,Kelley-Grant,Port Williamstad,Delaware,Brasil,38,Feminino
Angela Townsend,nathancalderon@thompson-jimenez.com,713-097-1288x066,Miller-Owens,South Kimberlyfurt,Minnesota,China,34,Masculino
Veronica Huber,brogers@ortiz.com,144-995-8850,Jordan-Odom,North Danielle,Alabama,Nigéria,61,Feminino
Deborah Davis,dorothyjackson@gill-ward.com,+1-459-911-6373,Mcdonald-Boyle,Fernandeztown,Pennsylvania,África do Sul,47,Outro
Randy Moran,michaelmartinez@atkins.com,(752)641-2572x062,Carrillo Inc,Katherinechester,Vermont,Índia,30,Outro
Nicole Reilly MD,christopherortega@drake-lopez.com,001-328-142-3022x061,Ward and Sons,Kimberlystad,Rhode Island,México,75,Outro
Steven Martinez,nicole14@hotmail.com,667-045-2131,"Jacobson, Fritz and Owen",Hamiltonton,Texas,Nigéria,27,Masculino
Carlos Brown,kelleykenneth@williams-harris.com,001-265-123-3792,"Medina, Barnes and Greene",Johntown,Colorado,Nigéria,27,Masculino
Kelsey Perez,michelle63@gmail.com,(877)564-0440x8083,Simpson-Martin,New Jeffreyborough,California,Coreia do Sul,29,Masculino
Tara Poole,btaylor@anderson.net,+1-174-979-4470x2919,Fuller-Lopez,Port Vickistad,Virginia,México,52,Outro
Alejandro Hawkins,ynichols@reilly-webb.biz,+1-376-836-3080x546,Cross LLC,West Shelbychester,Louisiana,Brasil,67,Masculino
Diane Hughes,fcombs@cole-gray.com,+1-013-383-3089x9367,"Smith, Reed and Figueroa",West Nina,New York,Chile,40,Masculino
Jenna Neal,ihunt@maldonado-griffin.com,(499)370-4385x422,Wright-Miller,Jeanetteland,Alabama,Nigéria,73,Feminino
William Hernandez,longeric@yahoo.com,745.811.0498,Owens-May,West Joystad,Vermont,Índia,60,Masculino
Drew Hines,danielsjohn@hotmail.com,336.187.8865x355,Robinson-Valentine,Marystad,Wyoming,Nova Zelândia,37,Masculino
Dalton Castro,brian15@smith.com,(661)870-7366,Morris-Clark,Coxton,North Carolina,Austrália,35,Masculino
Timothy Berry,christina60@flowers.net,414-108-1296x148,Jones-Boyd,Shanemouth,Texas,Nigéria,67,Feminino
John Rivera,jromero@rodriguez-fletcher.org,001-639-937-7875x50906,Fuller-Lopez,Port Vickistad,Virginia,México,26,Feminino
Rachel Ellis,cheyennehansen@gmail.com,(461)201-0416,Holmes-Kennedy,New Anthony,Utah,Canadá,71,Feminino
Thomas Moreno,brandon39@smith-whitney.com,280-877-6687x268,Fuller-Lopez,Port Vickistad,Virginia,México,46,Outro
Christopher Hammond,danielsthomas@hotmail.com,(026)382-9927x5010,Scott-Flowers,East Robert,Kentucky,Nova Zelândia,31,Feminino
Peter Warren DVM,holly21@newman.com,580-481-5253x121,Rivera-Graham,Chapmanstad,Texas,Nigéria,46,Feminino
Glenda Ayers,robert67@jordan.com,3493036942,Smith-Davis,Sarabury,Wisconsin,França,30,Masculino
Philip Hobbs,vburke@gmail.com,001-090-063-7430,"Medina, Barnes and Greene",Johntown,Colorado,Nigéria,42,Outro
Mark Jacobs,kevinking@griffin.net,001-760-880-1231x760,Holmes-Kennedy,New Anthony,Utah,Canadá,23,Masculino
Courtney Jennings,john18@hotmail.com,5201195102,"Smith, Guzman and Brown",Evelynstad,Tennessee,Reino Unido,55,Outro
Judith Huang,stacey26@pearson.biz,(614)464-9666,Nguyen-Brewer,Daisyfurt,Florida,Japão,25,Masculino
James Reese,taylornancy@coleman-howard.com,001-500-278-4978x5647,"Fitzpatrick, Jones and Morgan",Robertstad,Rhode Island,México,31,Masculino
Zachary Morrow,mboyd@gmail.com,+1-960-696-4256x82814,Kennedy Ltd,New Lisafurt,Kentucky,Nova Zelândia,65,Outro
Sarah Hensley,ahall@gmail.com,454.530.3129x9662,Ward and Sons,Kimberlystad,Rhode Island,México,65,Feminino
Julie Schultz,stevenclark@brown-turner.org,751-221-1553x0281,Byrd-Smith,Andrewberg,Kentucky,Nova Zelândia,30,Masculino
Johnny Griffin,matthewjackson@santiago-white.com,629.966.0616x05225,Bailey Ltd,Johnsonberg,Louisiana,Brasil,69,Outro
Christine Hernandez,ddiaz@hotmail.com,(279)738-6863x06839,Solomon-Miller,East Patrick,Louisiana,Brasil,48,Feminino
Jimmy Wood,diazgabriella@hotmail.com,001-569-116-9329,Montes Inc,New Jacqueline,Montana,Espanha,25,Feminino
Johnny Williams,edward59@gmail.com,(303)637-3696x976,"Bennett, Acevedo and Rogers",Gonzalezbury,Wisconsin,França,18,Feminino
Ashley Smith,daniel35@ali.info,949.321.4041x876,Byrd-Smith,Andrewberg,Kentucky,Nova Zelândia,43,Masculino
Antonio Phillips,emilystrong@cook.com,001-411-580-4534x323,Ward and Sons,Kimberlystad,Rhode Island,México,41,Feminino
Michael Soto,monicalyons@hotmail.com,075.931.5510,"Morris, Serrano and Lewis",South Madisonborough,Michigan,China,45,Outro
Sarah Dennis,julie14@hinton-wheeler.net,212-736-8698x58693,Hale-Dean,Ashleyberg,Colorado,Nigéria,32,Outro
Lori Cruz,vdunn@gmail.com,6627624485,Stuart-Camacho,South David,Pennsylvania,África do Sul,59,Outro
Kathleen Butler,francisethan@beck.info,+1-800-427-7873x27142,"Francis, Bell and Foster",Barrmouth,Delaware,Brasil,74,Feminino
Mr. John Marshall,youngsamuel@gutierrez-brown.net,(787)528-5395x3880,"Bennett, Acevedo and Rogers",Gonzalezbury,Wisconsin,França,35,Outro
Michael Ferguson,james25@gmail.com,652-089-3098,Thompson PLC,Susanberg,Missouri,Brasil,75,Feminino
Michael Moore,ehall@roy.biz,(770)204-7522,Cross LLC,West Shelbychester,Louisiana,Brasil,27,Masculino
Adrian Carpenter,piercejonathan@hotmail.com,825-489-0491,Woods-Munoz,West Jenniferborough,Iowa,Austrália,54,Masculino
Wanda Cole,devinjensen@yahoo.com,727-482-9944,Swanson and Sons,Port Heather,Pennsylvania,África do Sul,51,Masculino
Tracey Turner,zanderson@hotmail.com,001-498-468-6107x999,Lopez Ltd,East Christianberg,Indiana,Espanha,62,Feminino
Patricia West,brentcortez@gmail.com,826.865.1021x469,Kelley LLC,Higginsview,South Dakota,Coreia do Sul,20,Masculino
Danielle Hall,draketina@yahoo.com,7587579129,Dean Ltd,Dixonborough,Texas,Nigéria,69,Masculino
Paul Anderson,marywright@hotmail.com,001-454-024-0101,Scott-Flowers,East Robert,Kentucky,Nova Zelândia,60,Feminino
William Wolf MD,tinajohnson@gmail.com,305-499-3754x1015,"Nguyen, Frazier and Young",Matthewview,Colorado,Nigéria,57,Feminino
Donald Oliver,smithcaitlin@rodriguez.org,497.388.2727x8578,Oneill-Scott,Perezmouth,Oregon,Argentina,44,Masculino
James Hall,edwardboyd@francis-hughes.com,(000)069-6065,Woods-Munoz,West Jenniferborough,Iowa,Austrália,51,Masculino
William Dawson,howardjonathan@strickland.com,022-520-5435,Scott-Flowers,East Robert,Kentucky,Nova Zelândia,69,Outro
Justin Ramsey,hectorschmidt@miller.biz,8129223129,Young-Fuentes,South John,Rhode Island,México,41,Masculino
Melissa Smith,alyssa00@hotmail.com,(067)498-5147,Oneill-Scott,Perezmouth,Oregon,Argentina,19,Feminino
Kenneth Murphy,steven10@carter.com,490-768-8437,Davies-Le,Karenberg,Hawaii,Espanha,37,Feminino
Kelly Kidd,gstevenson@hurst-singh.com,+1-610-204-3654x5297,Craig-Martinez,North Danielle,Alabama,Nigéria,41,Feminino
Erin May,scott84@martinez.com,001-661-352-9743,Cameron-Black,Port Michael,West Virginia,França,38,Masculino
Meagan Green,ekirk@hotmail.com,078.959.4226,Fuller-Lopez,Port Vickistad,Virginia,México,39,Masculino
Tina Hooper,richard27@gmail.com,186-185-1849x46931,Stevenson PLC,North Josephhaven,Florida,Japão,20,Outro
Curtis Dougherty,stacey89@gmail.com,6392568592,"Gomez, Diaz and Williams",Sarahton,North Dakota,Espanha,44,Masculino
Helen Montoya,anthony58@gmail.com,+1-984-141-5242x1386,"Smith, Reed and Figueroa",West Nina,New York,Chile,42,Outro
Angela Velazquez,spencerduran@hotmail.com,419-592-0518,Riley PLC,South Franciscoburgh,Vermont,Índia,51,Masculino
Dana Kemp,ymckee@kelley.org,(983)922-3033,Oneill-Scott,Perezmouth,Oregon,Argentina,24,Masculino
Scott Martin MD,pottswilliam@yahoo.com,044.628.3127,White-Johnson,Rodriguezland,Texas,Nigéria,75,Masculino
Jennifer Braun,ericross@horton-bryant.com,001-745-565-5317x07579,Bailey Ltd,Johnsonberg,Louisiana,Brasil,44,Masculino
Michael Wolfe,daniel44@robinson.com,082-756-8263,"Huynh, Black and Barajas",Jenkinsmouth,Wyoming,Nova Zelândia,48,Feminino
Jamie Palmer,kochmaria@yahoo.com,665-368-9578x9725,Byrd-Smith,Andrewberg,Kentucky,Nova Zelândia,72,Outro
Christopher Miller,williamobrien@moreno.com,001-061-518-5891x8785,Torres-Rivera,Hallview,Virginia,México,26,Outro
Jordan Brown,ugray@gmail.com,035-586-7749x60203,"Newton, Kirk and Collins",South Traceyborough,Pennsylvania,África do Sul,18,Feminino
Brittany George,gonzalezbeverly@gmail.com,+1-488-520-1287,Stevenson PLC,North Josephhaven,Florida,Japão,48,Feminino
Christopher Myers,cbailey@yahoo.com,(595)526-2390,Swanson and Sons,Port Heather,Pennsylvania,África do Sul,38,Outro
Sandra Whitehead,wilsonterri@yahoo.com,+1-996-830-9147x72251,"Smith, Reed and Figueroa",West Nina,New York,Chile,41,Outro
Ronald Fuentes,lisa54@gmail.com,001-161-759-2575x11912,Carrillo Inc,Katherinechester,Vermont,Índia,63,Masculino
Heather Marshall,danielle08@jones-lee.info,(631)487-8564x4306,Williams LLC,Hickschester,Louisiana,Brasil,49,Outro
Jacqueline Mclaughlin,tracy35@yahoo.com,001-292-653-0328x30811,"Jacobson, Fritz and Owen",Hamiltonton,Texas,Nigéria,30,Masculino
Yvonne Chavez,amays@chapman.com,036-899-8352x464,Kelley-Grant,Port Williamstad,Delaware,Brasil,50,Masculino
Bryan Ryan,fsullivan@yahoo.com,001-706-265-5856x4341,"Gomez, Diaz and Williams",Sarahton,North Dakota,Espanha,32,Outro
Adam Mosley,robertpeck@yahoo.com,805.105.1662x06077,Stuart-Camacho,South David,Pennsylvania,África do Sul,65,Masculino
Olivia Sanchez,agriffin@parrish.biz,001-713-439-1697x212,Gilbert Ltd,Jacobville,Louisiana,Brasil,43,Feminino
Toni Esparza,michael24@hood-zimmerman.info,001-105-725-8500x142,Gould-Walker,South Brianfurt,Louisiana,Brasil,24,Masculino
Evan Townsend,paynerichard@gmail.com,(078)271-0723x62119,Kelley-Grant,Port Williamstad,Delaware,Brasil,34,Masculino
Ricardo Sutton,christopherwilliams@fitzpatrick.com,001-896-128-2317x6636,"Garcia, Williams and Sullivan",Port Melissaland,Tennessee,Reino Unido,60,Feminino
James Miller,piercemichelle@hotmail.com,672-312-4991,Lutz-Welch,North Kimberly,Arizona,Egito,63,Feminino
Andrew Lewis,carrillolindsey@yahoo.com,2229520204,Carrillo Inc,Katherinechester,Vermont,Índia,55,Outro
Donald Hunt,marthareeves@young-richards.org,529-097-6022x76410,Nguyen-Brewer,Daisyfurt,Florida,Japão,54,Feminino
Michelle Harrell,mayerelizabeth@gmail.com,(989)419-3159x0424,Kelley LLC,Higginsview,South Dakota,Coreia do Sul,75,Masculino
Sherry Lucas,vhoffman@yahoo.com,+1-452-995-3345x334,Wright-Miller,Jeanetteland,Alabama,Nigéria,45,Feminino
Bob Mullins,levyalexander@fletcher-singleton.net,071-074-9454x3780,Webb-Potts,Kellyborough,Iowa,Austrália,27,Outro
Martin Howard,joanna65@gmail.com,001-863-048-4430x3400,Scott-Flowers,East Robert,Kentucky,Nova Zelândia,72,Masculino
Joshua Bowen,lmartin@hotmail.com,844.623.2153,Carr LLC,New Christineborough,Washington,Nigéria,75,Feminino
Jackie Nelson,savannah49@yahoo.com,4486267378,Craig-Martinez,North Danielle,Alabama,Nigéria,21,Masculino
Brittany Mcdonald,lawrence01@reyes.com,001-988-405-1162x21889,Young-Fuentes,South John,Rhode Island,México,18,Masculino
Kristin Hall,breanna73@turner-schultz.com,001-508-676-3754,"Newton, Kirk and Collins",South Traceyborough,Pennsylvania,África do Sul,20,Masculino
Shawna Best,amy46@gonzalez.info,001-498-354-5315,Oneill-Scott,Perezmouth,Oregon,Argentina,43,Feminino
Hannah Bradshaw,acostaanna@watson.com,(215)045-2938x00156,Martin PLC,New Gabrielberg,Michigan,China,54,Feminino
Victoria Jones,perezraymond@bruce.biz,+1-869-179-3021x15224,Williams LLC,Hickschester,Louisiana,Brasil,72,Feminino
Aaron Nichols,greenebrenda@hotmail.com,764.090.1785x66384,"Smith, Mckinney and Hoover",Sheltonstad,Arkansas,Canadá,58,Outro
Lee Garcia,gary33@smith-mitchell.com,218.117.0209x89694,Smith-Davis,Sarabury,Wisconsin,França,46,Masculino
Anthony Thompson,odavis@jackson-smith.com,657.116.0550x1742,Mullins-Zimmerman,South Brianfurt,Louisiana,Brasil,57,Feminino
Monica Fitzpatrick,simmonsbrent@jenkins.com,911-332-7019x71257,"Smith, Reed and Figueroa",West Nina,New York,Chile,46,Masculino
Ashley Russell,christopher37@hotmail.com,712.830.9994x109,Carr LLC,New Christineborough,Washington,Nigéria,35,Outro
Brian Ruiz,stacey79@yahoo.com,+1-957-380-7464x579,"Medina, Barnes and Greene",Johntown,Colorado,Nigéria,50,Feminino
Tina Schwartz,david12@carter-maxwell.info,624-852-9144x3843,"Lee, Jackson and Patel",Ramosfort,West Virginia,França,75,Masculino
Kimberly Gillespie,andrewsstephanie@buckley-booker.com,+1-713-977-4827,Hernandez-Fox,East Amy,Pennsylvania,África do Sul,39,Feminino
Tonya Mcgee,ilang@hill-kelley.info,259.696.4353x73876,"Medina, Barnes and Greene",Johntown,Colorado,Nigéria,53,Feminino
Scott Rogers,jonathan42@miller.com,758-304-2643x151,Webb-Potts,Kellyborough,Iowa,Austrália,24,Outro
William Walker,eric26@ford-wyatt.com,(069)422-3617,"Lee, Jackson and Patel",Ramosfort,West Virginia,França,66,Outro
Daniel Skinner,troyclark@gmail.com,001-193-314-4259x32055,West-Bryant,Port Pamelaton,New Jersey,Alemanha,22,Feminino
Vanessa Bowen,stewartcharles@hotmail.com,813-525-5045,Morris-Clark,Coxton,North Carolina,Austrália,59,Masculino
Dustin Smith,vpatel@graham-moore.com,657-114-5684,"Smith, Reed and Figueroa",West Nina,New York,Chile,26,Masculino
Richard Fuentes,jimenezpamela@hotmail.com,001-888-011-2426x980,Owens-May,West Joystad,Vermont,Índia,47,Masculino
